{"cameraMode":{"drawMode":0,"name":"Shaded","section":"Shading Mode"},"sceneLighting":false,"audioPlay":false,"sceneViewState":{"showFog":true,"showMaterialUpdate":false,"showSkybox":false,"showFlares":true,"showImageEffects":true,"showParticleSystems":true},"in2DMode":false,"pivot":{"x":14.263545036315918,"y":1.0801362991333008,"z":-0.582445502281189},"rotation":{"x":9.608942264094367e-8,"y":0.13012993335723878,"z":-4.1878736034561829e-9,"w":0.9914969801902771},"size":11.03170108795166,"orthographic":true}