{"cameraMode":{"drawMode":0,"name":"Shaded","section":"Shading Mode"},"sceneLighting":true,"audioPlay":false,"sceneViewState":{"showFog":true,"showMaterialUpdate":false,"showSkybox":true,"showFlares":true,"showImageEffects":true,"showParticleSystems":true},"in2DMode":false,"pivot":{"x":-2.5966711044311525,"y":5.3532867431640629,"z":-34.82646942138672},"rotation":{"x":-0.03867875784635544,"y":-0.008997999131679535,"z":-0.00034830771619454026,"w":0.9992111325263977},"size":43.71056365966797,"orthographic":false}