{"cameraMode":{"drawMode":0,"name":"Shaded","section":"Shading Mode"},"sceneLighting":false,"audioPlay":false,"sceneViewState":{"showFog":true,"showMaterialUpdate":false,"showSkybox":false,"showFlares":true,"showImageEffects":true,"showParticleSystems":true},"in2DMode":false,"pivot":{"x":-6.67648983001709,"y":5.69402551651001,"z":9.746952056884766},"rotation":{"x":-0.009599936194717884,"y":-0.9528899192810059,"z":0.030325371772050859,"w":-0.301643967628479},"size":3.129244089126587,"orthographic":false}