{"cameraMode":{"drawMode":0,"name":"Shaded","section":"Shading Mode"},"sceneLighting":true,"audioPlay":false,"sceneViewState":{"showFog":true,"showMaterialUpdate":false,"showSkybox":true,"showFlares":true,"showImageEffects":true,"showParticleSystems":true,"showVisualEffectGraphs":true,"m_FxEnabled":true},"in2DMode":false,"pivot":{"x":546.1365356445313,"y":316.41485595703127,"z":-382.01629638671877},"rotation":{"x":-0.0842088907957077,"y":-0.007510774303227663,"z":0.0006885016337037087,"w":-0.9964544177055359},"size":0.8660253882408142,"orthographic":false}