{"cameraMode":{"drawMode":0,"name":"Shaded","section":"Shading Mode"},"sceneLighting":true,"audioPlay":false,"sceneViewState":{"showFog":true,"showMaterialUpdate":false,"showSkybox":true,"showFlares":true,"showImageEffects":true,"showParticleSystems":true},"in2DMode":false,"pivot":{"x":273.5052795410156,"y":705.5733642578125,"z":-53.515594482421878},"rotation":{"x":-0.1817176342010498,"y":-0.07750033587217331,"z":0.014367930591106415,"w":-0.9801867604255676},"size":501.8279113769531,"orthographic":false}