{"cameraMode":{"drawMode":0,"name":"Shaded","section":"Shading Mode"},"sceneLighting":true,"audioPlay":false,"sceneViewState":{"showFog":true,"showMaterialUpdate":false,"showSkybox":true,"showFlares":true,"showImageEffects":true,"showParticleSystems":true},"in2DMode":false,"pivot":{"x":4.905363082885742,"y":3.953261613845825,"z":2.787675142288208},"rotation":{"x":-0.05090652033686638,"y":0.34668973088264468,"z":-0.018847670406103135,"w":-0.9364078044891357},"size":19.610130310058595,"orthographic":false}