{"cameraMode":{"drawMode":0,"name":"Shaded","section":"Shading Mode"},"sceneLighting":true,"audioPlay":false,"sceneViewState":{"showFog":true,"showMaterialUpdate":false,"showSkybox":true,"showFlares":true,"showImageEffects":true,"showParticleSystems":true},"in2DMode":false,"pivot":{"x":366.771728515625,"y":542.6686401367188,"z":-608.5922241210938},"rotation":{"x":-0.026588452979922296,"y":-0.22828646004199983,"z":0.006237125024199486,"w":-0.9732109308242798},"size":4.286826133728027,"orthographic":false}