{"cameraMode":{"drawMode":0,"name":"Shaded","section":"Shading Mode"},"sceneLighting":false,"audioPlay":false,"sceneViewState":{"showFog":true,"showMaterialUpdate":false,"showSkybox":false,"showFlares":true,"showImageEffects":true,"showParticleSystems":true},"in2DMode":false,"pivot":{"x":17.91707420349121,"y":5.528442859649658,"z":0.10038971155881882},"rotation":{"x":-0.15304715931415559,"y":-0.5627171397209168,"z":0.1069457083940506,"w":-0.8052878975868225},"size":6.296070098876953,"orthographic":false}