{"cameraMode":{"drawMode":0,"name":"Shaded","section":"Shading Mode"},"sceneLighting":true,"audioPlay":false,"sceneViewState":{"showFog":true,"showMaterialUpdate":false,"showSkybox":true,"showFlares":true,"showImageEffects":true,"showParticleSystems":true},"in2DMode":false,"pivot":{"x":0.5060253143310547,"y":34.445770263671878,"z":12.014585494995118},"rotation":{"x":0.32121017575263979,"y":-0.0788596048951149,"z":-0.026851942762732507,"w":-0.9433367252349854},"size":26.875606536865236,"orthographic":false}