{"cameraMode":{"drawMode":0,"name":"Shaded","section":"Shading Mode"},"sceneLighting":true,"audioPlay":false,"sceneViewState":{"showFog":true,"showMaterialUpdate":false,"showSkybox":true,"showFlares":true,"showImageEffects":true,"showParticleSystems":true},"in2DMode":false,"pivot":{"x":582.0367431640625,"y":540.3378295898438,"z":9.30462646484375},"rotation":{"x":-0.004500668495893478,"y":5.411490064943791e-7,"z":6.34458501735935e-7,"w":-0.9999898672103882},"size":760.8087158203125,"orthographic":false}